<?xml version="1.0" encoding="UTF-8"?>
<!DOCTYPE mapper PUBLIC "-//mybatis.org//DTD Mapper 3.0//EN" "http://mybatis.org/dtd/mybatis-3-mapper.dtd">
<mapper namespace="kr.gjai.hwabun.mapper.RankMapper"><!-- 인터페이스(클래스) 이름 적어줘야함!!!!!-->
	
	<!-- resultType : 리턴타입, parameterType : 인자 타입 -->
	<select id = "getAllProduct" resultType="CosmeticsDTO"><!-- id값은 mapper 메소드명과 같아야함 -->
	  select * from cosmetics;
	</select>
	 
	 <select id = "getRankSales" resultType = "CosmeticsDTO">
	 select *
	 from cosmetics
	 order by cos_sales_cnt desc;
	 </select>
	 
	 <select id = "getRankLikes" resultType = "CosmeticsDTO">
	 select *
	 from cosmetics
	 order by cos_likes desc;
	 </select>
	 
	 <select id = "getCateRankSales" resultType = "CosmeticsDTO" parameterType="String">
	  select *
	  from cosmetics c, (select * from category where gubun_value = #{cate}) d
	  where c.cos_seq = d.cos_seq
	  order by cos_sales_cnt desc;
	 </select>
	 
	 <select id = "getCateRankLikes" resultType = "CosmeticsDTO" parameterType="String">
	  select *
	  from cosmetics c, (select * from category where gubun_value = #{cate}) d
	  where c.cos_seq = d.cos_seq
	  order by cos_likes desc;
	 </select>
	 
</mapper>